QuestionPublicKey,optionKey,answerValue,answerType,toleranceValue,caseSensitive,sortOrder
GMATH_HARD_001,A,,,,,1
GMATH_HARD_002,B,,,,,1
GMATH_HARD_003,C,,,,,1
GMATH_HARD_004,D,,,,,1
GMATH_HARD_005,A,,,,,1
GMATH_HARD_006,B,,,,,1
GMATH_HARD_007,C,,,,,1
GMATH_HARD_008,D,,,,,1
GMATH_HARD_009,A,,,,,1
GMATH_HARD_010,B,,,,,1
GMATH_HARD_011,C,,,,,1
GMATH_HARD_012,D,,,,,1
GMATH_HARD_013,A,,,,,1
GMATH_HARD_014,B,,,,,1
GMATH_HARD_015,C,,,,,1
GMATH_HARD_016,D,,,,,1
GMATH_HARD_017,A,,,,,1
GMATH_HARD_018,B,,,,,1
GMATH_HARD_019,C,,,,,1
GMATH_HARD_020,D,,,,,1
GMATH_HARD_021,A,,,,,1
GMATH_HARD_022,B,,,,,1
GMATH_HARD_023,C,,,,,1
GMATH_HARD_024,D,,,,,1
GMATH_HARD_025,A,,,,,1
GMATH_HARD_026,B,,,,,1
GMATH_HARD_027,C,,,,,1
GMATH_HARD_028,D,,,,,1
GMATH_HARD_029,A,,,,,1
GMATH_HARD_030,B,,,,,1
GMATH_HARD_031,C,,,,,1
GMATH_HARD_032,D,,,,,1
GMATH_HARD_033,A,,,,,1
GMATH_HARD_034,B,,,,,1
GMATH_HARD_035,C,,,,,1
GMATH_HARD_036,D,,,,,1
GMATH_HARD_037,A,,,,,1
GMATH_HARD_038,B,,,,,1
GMATH_HARD_039,C,,,,,1
GMATH_HARD_040,D,,,,,1
GMATH_HARD_041,A,,,,,1
GMATH_HARD_042,B,,,,,1
GMATH_HARD_043,C,,,,,1
GMATH_HARD_044,D,,,,,1
GMATH_HARD_045,A,,,,,1
GMATH_HARD_046,B,,,,,1
GMATH_HARD_047,C,,,,,1
GMATH_HARD_048,D,,,,,1
GMATH_HARD_049,A,,,,,1
GMATH_HARD_050,B,,,,,1
GMATH_HARD_051,C,,,,,1
GMATH_HARD_052,D,,,,,1
GMATH_HARD_053,A,,,,,1
GMATH_HARD_054,B,,,,,1
GMATH_HARD_055,C,,,,,1
GMATH_HARD_056,D,,,,,1
GMATH_HARD_057,A,,,,,1
GMATH_HARD_058,B,,,,,1
GMATH_HARD_059,C,,,,,1
GMATH_HARD_060,D,,,,,1
GMATH_HARD_061,A,,,,,1
GMATH_HARD_062,B,,,,,1
GMATH_HARD_063,C,,,,,1
GMATH_HARD_064,D,,,,,1
GMATH_HARD_065,A,,,,,1
GMATH_HARD_066,B,,,,,1
GMATH_HARD_067,C,,,,,1
GMATH_HARD_068,D,,,,,1
GMATH_HARD_069,A,,,,,1
GMATH_HARD_070,B,,,,,1
GMATH_HARD_071,C,,,,,1
GMATH_HARD_072,D,,,,,1
GMATH_HARD_073,A,,,,,1
GMATH_HARD_074,B,,,,,1
GMATH_HARD_075,C,,,,,1
GMATH_HARD_076,D,,,,,1
GMATH_HARD_077,A,,,,,1
GMATH_HARD_078,B,,,,,1
GMATH_HARD_079,C,,,,,1
GMATH_HARD_080,D,,,,,1
GMATH_HARD_081,A,,,,,1
GMATH_HARD_082,B,,,,,1
GMATH_HARD_083,C,,,,,1
GMATH_HARD_084,D,,,,,1
GMATH_HARD_085,A,,,,,1
GMATH_HARD_086,B,,,,,1
GMATH_HARD_087,C,,,,,1
GMATH_HARD_088,D,,,,,1
GMATH_HARD_089,A,,,,,1
GMATH_HARD_090,B,,,,,1
GMATH_HARD_091,C,,,,,1
GMATH_HARD_092,D,,,,,1
GMATH_HARD_093,A,,,,,1
GMATH_HARD_094,B,,,,,1
GMATH_HARD_095,C,,,,,1
GMATH_HARD_096,D,,,,,1
GMATH_HARD_097,A,,,,,1
GMATH_HARD_098,B,,,,,1
GMATH_HARD_099,C,,,,,1
GMATH_HARD_100,D,,,,,1
